sequence,species_name
GCCTAACACATGCAAGTCGAGCGATGAAGCTTCCTTCGGGAAGTGGATTAGCGGCGGACGGGTGAGTAACACGTGGGCAACCTGCCTCAAAGTGGGGAATAGCCCTCCGAAAGGAGGAGTAATACCGCATAACATGAAGGAATCGCATGATTttttCATCAAAGATTTATCGCTTTGAGATGGGCCCGCGGCGCATTAGCTAGTTGGTAAGGTAAAGGCTTACCAAGGCGACGATGCGTAGCCGACCTGAGAGGGTGATCGGCCACATTGGAACTGAGACACGGTCCAGACTCCTACGGGAGGCAGCAGTGGGGAATATTGCGCAATGGgggAAACCCTGACGCAGCAACGCCGCGTGAGTGATGAAGGTCTTCGGATTGTAAAGCTCTGTCTTTTGGGACGATAATGACGGTACCAAAGGAGGAAGCCACGGCTAACTACGTGCCAGCAGCCGCGGTAATACGTAGGTGGCAAGCGTTGTCCGGAATTACTGGGCGTAAAGAGTATGTAGGCGGATGCCTAAGTCAGATGTGAAATACCCGGGCTCAACCCGGGAGCTGCATTTGAAACTGGGTATCTAGAGTGCAGGAGAGGAAAGTGGAATTCCTAGTGTAGCGGTGAAATGCGTAGAGATTAGGAAGAACACCAGTGGCGAAGGCGACTTTCTGGACTGTAACTGACGCTGAGATACGAAAGCGTGGGGAGCGAACAGGATTAGATACCCTGGTAGTCCACGCCGTAAACGATGAATACTAGGTGTCGGggggTACCACCTCCGGTGCCGCAGCTAACGCAATAAGTATTCCGCCTGGGGAGTACGGTCGCAAGATTAAAACTCAAAGGAATTGACGGGGACCCGCACAAGCAGCGGAGCATGTGGTTTAATTCGAAGCAACGCGAAGAACCTTACCTAGACTTGACATCTTCTGCATTACCTTTAATCAGGGAAATCCCTTCGGGGACAGAAAGACAGGTGGTGCATGGTTGTCGTCAGCTCGTGTCGTGAGATGTTGGGTTAAGTCCCGCAACGAGCGCAACCCTTATCGTTAGTTGCTACCATTAAGTTGAGCACTCTAGCGAGACTGCCTGGGTTAACCAGGAGGAAGGTGGGGATGACGTCAAATCATCATGCCCCTTATGTCTAGGGCTACacacGTGCTACAATGGTCGGTACAACGAGCAGCGAACCCGCGAGGgggAGCCAAACTTGAAAGCCGATCCCAGTTCGGATTGCAGGCTGAAACTCGCCTGCATGAAGTTGGAGTTGCTAGTAATCGCGAATCAGCATGTCGCGGTGAATACGTTCCCGGGTCTTGTACacacCGCCCGTCACACCATGAGAGTCGGTAACACCCGAAGCCCGTGAGGTAACCGTAAGGAACCAGCGGTC,Clostridium_aestuarii
GCCTAACACATGCAAGTCGAGCGCACCTTTCGGGGTGAGCGGCGGACGGGTGAGTAACACGTGGGAACGTACCCTTCTCTGCGGGATAGTCCCTGGAAACGGTGAGTAATACCGCATACGCCCTTCGGgggAAAGATTTATCGGGGAAGGATCGGCCCGCGTCTGATTAGGTAGTTGGTGGGGTAACGGCCTACCAAGCCTACGATCAGTAGCTGGTTTGAGAGGATGATCAGCCACACTGGGACTGAGACACGGCCCAGACTCCTACGGGAGGCAGCAGTGGGGAATCTTAGACAATGGgggCAACCCTGATCTAGCCATGCCGCGTGAGTGATGAAGGCCTTAGGGTCGTAAAGCTCTTTCGCCAGGGAAGATAATGACTGTACCCGGTAAAGAAACCCCGGCTAACTCCGTGCCAGCAGCCGCGGTAATACGGAGGgggTTAGCGTTGTTCGGAATTACTGGGCGTAAAGCgcgcgTAGGCGGACTAGAAAGTTAGGGGTGAAATCCCGGGGCTCAACCCCGGAACTGCCTTTGATACTGGTAGTCTGGAGTTCTGGAGAGGTGAGTGGAATTCCGAGTGTAGAGGTGAAATTCGTAGATATTCGGAGGAACACCAGTGGCGAAGGCGGCTCACTGGCTCGATACTGACGCTGAGGTGCGAAAGTGTGGGGAGCAAACAGGATTAGATACCCTGGTAGTCCACACCGTAAACGATGAATGCCAGACGTCGGGCAGCATGCTGTTCGGTGTCACACCTAACGGATTAAGCATTCCGCCTGGGGAGTACGGCCGCAAGGTTAAAACTCAAAGGAATTGACGGgggCCCGCACAAGCGGTGGAGCATGTGGTTTAATTCGAAGCAACGCGCAGAACCTTACCAACCCTTGACATCCTCATCGACATCCGGAGACGGATGGTTCAGTTCGGCTGGATATCAcacaGGTGCTGCATGGCTGTCGTCAGCTCGTGTCGTGAGATGTTCGGTTAAGTCCGGCAACGAGCGCAACCCACACCCTTAGTTGCCAGCATTCAGTTGGGCACTCTAGGGGAACTGCCCGTGATAAGCGGGAGGAAGGTGTGGATGACGTCAAGTCCTCATGGCCCTTACGGGTTGGGCTACacacGTGCTACAATGGCATCTACAGTGGGTTAATCCCAAaaaGATGTCTCAGTTCGGATTGTCGTCTGCAACTCGACGGCATGAAGTCGGAATCGCTAGTAATCGTGGAACAGCATGCCACGGTGAATACGTTCCCGGGCCTTGTACacacCGCCCGTCACACCATGGGAGTTGGGTTCACCCGAAGGCCGTGCGCTAACCTTTCGGGGAGGCAGCCGGCCACGTAAG,Palleronia_marisminoris
GATGAACGCTAGCGGGAGGCCTAACACATGCAAGCCGAGCGGTATTTCTTCTTCGGAAGagagagagCGGCGTACGGGTGCGGAACACGTGTGCAACCTGCCTTTATCTAGAGGATAGCCTTTCGAAAGGAAGATTAATACTCTATAATatatTAATTGGCATCAATTGATATTGAAAACTCCGGTGGATAGAGATGGGCACGCGCAAGATTAGCTAGTTGGTGAGGTAACGGCTCACCAAGGCAATGATCTTTAGGgggCCTGAGAGGGTGATCCcccACACTGGTACTGAGACACGGACCAGACTCCTACGGGAGGCAGCAGTGAGGAATATTGGTCAATGGGTGCAAGCCTGAACCAGCCATCCCGCGTGAAGGATTAAGTCCTATGGATTGTAAACTTCTTTTGTATAGGGATAAACCTACCCTCGTGAGGGTAGCTGAAGGTACTATACGAATAAGCACCGGCTAACTCCGTGCCAGCAGCCGCGGTAATACGGAGGGTGCAAGCGTTATCCGGATTTATTGGGTTTAAAGGGTCCGTAGGCGGACTTATAAGTCAGTGGTGAAATCCTGTCGCTTAACGATAGAACTGCCATTGATACTGTAAGTCTTGAGTATATTTGAGGTAGCTGGAATAAGTAGTGTAGCGGTGAAATGCATAGATATTACTTAGAACACCAATTGCGAAGGCAGGTTACCAAGATATAACTGACGCTGAGGGACGAAAGCGTGGGTAGCGAACAGGATTAGATACCCTGGTAGTCCACGCTGTAAACGATGCTAACTCGTTtttGGTATTTCGGTATCAGAGACCAAGCGAAAGTGATAAGTTAGCCACCTGGGGAGTACGCTCGCAAGAGTGAAACTCAAAGGAATTGACGGgggCCCGCACAAGCGGTGGATTATGTGGTTTAATTCGATGATACGCGAGGAACCTTACCAAGACTTAAATGGGAATTGACAGTTTTAGAAATAGAACTTTCTTCGGACAATTTTCAAGGTGCTGCATGGTTGTCGTCAGCTCGTGCCGTGAGGTGTTAGGTTAAGTCCTGCAACGAGCGCAACCCCTGTCACTAGTTGCCATCATTCAGTTGGGGACTCTAGTGAGACTGCCTACGCAAGTAGagagGAAGGTGGGGATGACGTCAAATCATCACGGCCCTTACGTCTTGGGCCAcacacGTAATACAATGGCCGGTACAGAGGGCAGCTACACAGCGATGTGATGCAAATCTCGAAAGCCGGTCTCAGTTCGGATTGGAGTCTGCAACTCGACTCTATGAAGCTGGAATCGCTAGTAATCGCGCATCAGCCATGGCGCGGTGAATACGTTCCCGGGCCTTGTACacacCGCCCGTCAAGCCATGGAAGCTGGgggTACCTGAAGTCGGTGACCGTAAAAGGAGCTGCCTAGGGTAAAACTAGTAACTAGGGCT,Cloacibacterium_haliotis
TCATGGCTCAGATTGAACGCTGGCGGCAGGCCTAACACATGCAAGTCGGGCGGTAACAGGAAAGCGCTTGCGCTTTTGCTGACGAGCGGCGGACGGGTGAGTAATGTCTGGGGATCTGCCCGAGGGCGGgggATAACCACTGGAAACGGTGGCTAATACCGCATAATGTCGCGAGACCAAAGTGGgggACCTGAAAGGGCCTCACGCCGTCGGATGAACCCAGATGGGATTAGCTGGTAGGTAGGGTAACGGCCTACCTAGGCGACGATCTCTAGCTGGTCTGAGAGGATGACCAGCCACACTGGGACTGAGACACGGCCCAGACTCCTACGGGAGGCAGCAGTGGGGAATATTGCACAATGGGCGGAAGCCTGATGCAGCCATGCCGCGTGTATGAAGAAGGCCTTCGGGTTGTAAAGTACTTTCAGCGGGGAGGAAGGATTTAGCCTGAAGAGGGTTAGATTTTGACGTTACCCGCAGAAGAAGCACCGGCTAACTCCGTGCCAGCAGCCGCGGTAATACGGAGGGTGCGAGCGTTAATCGGAATGACTGGGCGTAAAGCGCACGCAGGCGGTGAATTAAGTTAGATGTGAAATCCCCGGGCTCAACCTGGGAATGGCATCTAAGACTGGTTGACTGGAGTCTCGTAGAGGggggTAGAATTCCATGTGTAGCGGTGAAATGCGTAGAGATGTGGAGGAATACCGGTGGCGAAGGCGGCCcccTGGACGAAGACTGACGCTCAGGTGCGAAAGCGTGGGGAGCAAACAGGATTAGATACCCTGGTAGTCCACGCTGTAAACGATGTCGATTTGGAGGTTGTGGCCTAGAGCTGTGGCTTCCGGAGCTAACGCGTTAAATCGACCGCCTGGGGAGTACGGCCGCAAGGTTAAAACTCAAATGAATTGACGGgggCCCGCACAAGCGGTGGAGCATGTGGTTTAATTCGATGCAACGCGAAGAACCTTACCTACTCTTGACATCCTCAGAATTTGCTGGAGACAGCGAAGTGCCTTCGGGAACTGAgagaCAGGTGCTGCATGGCTGTCGTCAGCTCGTGTTGTGAAATGTTGGGTTAAGTCCCGCAACGAGCGCAACCCTTATCCTTTGTTGCCAGCGCGTGAAGGCGGGAACTCAAAGGAGACTGCCGGTGATAAACCGGAGGAAGGTGGGGATGACGTCAAGTCATCATGGCCCTTACGAGTAGGGCTACacacGTGCTACAATGGCGGATACAAAGTGAAGCGACCTCGCGAGAGCAAGCGGAGCAcacaAAGTCTGTCGTAGTCCGGATTGGAGTCTGCAACTCGACTCCATGAAGTCGGAATCGCTAGTAATCGTAGATCAGCATGCTACGGTGAATACGTTCCCGGGCCTTGTACacacCGCCCGTCACACCATGGGAGTGGGTTGCAAAAGAAGTCGGTAGCTTAACCGCGAGGggggTCGCTGACCACTTCTGGTTTC,Photorhabdus_luminescens
AGTTTGATCCTGGCTCAGGATGAACGCTGGCGGCGTGCTTAACACATGCAAGTCGAACGGTGAAGCGGAACGCTGACGGCTCTGTACTGGATACGAAATCCGTGGAGGCATCTTCAACGTCGGTGAAAGATTttttGGGTCAGGGATGGGCTCGCGGCCTATCAGCTTGTTGGTGAGGTAATGGCTCACCAAGGCGTCGACGGGTAGCCGGCCTGAGAGGGTGACCGGCCACACTGGGACTGAGACACGGCCCAGACTCCTACGGGAGGCAGCAGTGGGGAATATTGCACAATGGGCGAAAGCCTGATGCAGCAACGCCGCGTGAGGGATGACGGCCTTCGGGTTGTAAACCTCTTTTAGCAGGGAAGAAGCGAAAGTGACGGTACCTGCAGAAaaaGCGCCGGCTAACTACGTGCCAGCAGCCGCGGTAATACGTAGGGCGCAAGCGTTATCCGGAATTATTGGGCGTAAAGAGCTCGTAGGCGGTTTGTCGCGTCTGCTGTGAAATCCCGAGGCTCAACCTCGGGTCTGCAGTGGGTACGGGCAGACTAGAGTGCGGTAGGGGAGATTGGAATTCCTGGTGTAGCGGTGGAATGCGCAGATATCAGGAGGAACACCGATGGCGAAGGCAGATCTCTGGGCCGTAACTGACGCTCATGAGCGAAAGGGTGGGGAGCAAACAGGCTTAGATACCCTGGTAGTCCACCCCGTAAACGATGATAACTAGTTGTGGGGTCCATTCCACGGATTCCGTGACGCAGCTAACGCATTAAGTTCCCCGCCTGGGGAGTACGGCCGCAAGGCTAAAACTCAAAGGAATTGACGGGGACCCGCACAAGCGGCGGAGCATGCGGATTAATTCGATGCAACGCGAAGAACCTTACCAAGGCTTGACATATACGAGAACGCTGCAGAAATGTAGAACTCTTTGGACACTCGTAAACAGGTGGTGCATGGTTGTCGTCAGCTCGTGTCGTGAGATGTTGGGTTAAGTCCCGCAACGAGCGCAACCCTCGTTCTATGTTGCCAGCACGTAATGGTGGGAACTCATGGGATACTGCCGGGGTCAACTCGGAGGAAGGTGGGGATGACGTCAAATCATCATGCCCCTTATGTCTTGGGCTTCACGCATGCTACAATGGCCGGTACAAAGGGCTGCAATACCGTGAGGTGGAGCGAATCCCAAaaaGCCGGTCCCAGTTCGGATTGAGGTCTGCAACTCGACCTCATGAAGTCGGAGTCGCTAGTAATCGCAGATCAGCAACGCTGCGGTGAATACGTTCCCGGGTCTTGTACacacCGCCCGTCAAGTCATGAAAGTCGGTAACACCTGAAGCCGGTGGCCCAACCCTTGTGGAGGGAGCCGTCGAAGGTGGGA,Microbacterium_laevaniformans
TAGAGTTTGATCATGGCTCAGGACGAACGCTGGCGGCGTGCCTAATACATGCAAGTCGAGCGGACCTCTTCGGAGGTCAGCGGCGGACGGGTGAGGAACACGTGGGTAATCTGCCTTTCAGACCGGAATAACGCCCGGAAACGGGCGCTAATGCCGGATNCGCCCGCGAGGgggCATCTTCTTGCGGGGAAAGGCCCNNNTGGGCCGCTGAgagagGAGCCCGCGGCGCATTAGCTCGTTGGCGGGGTAACGGCCCACCAAGGCGACGATGCGTAGCCGACCTGAGAGGGTGACCGGCCACACTGGGACTGAGACACGGCCCAGACTCCTACGGGAGGCAGCAGTAGGGAATCTTCCGCAATGGGCGCAAGCCTGACGGAGCAACGCCGCGTGAGCGAGGAAGGCCTTCGGGTTGTAAAGCTCTGTTGCTCGGGGAGAGCGGCATGGGGAGTGGAAAGTCCCATGCGAGACGGTACCGAGTGAGGAAGCCCCGGCTAACTACGTGCCAGCAGCCGCGGTAAAACGTAGGgggCGAGCGTTGTCCGGAATCACTGGGCGTAAAGGGTGCGTAGGCGGTCGAGCAAGTCTGGAGTGAAAGTCCATGGCTCAACCATGGGATGGCTCTGGAAACTGCTTGACTTGAGTGCTGGAGAGGCAAGGGGAATTCCACGTGTAGCGGTGAAATGCGTAGAGATGTGGAGGAATACCAGTGGCGAAGGCGCCTTGCTGGACAGTGACTGACGCTGAGGCACGAAAGCGTGGGGAGCAAACAGGATTAGATACCCTGGTAGTCCACGCCGTAAACGATGAGTGCTAGGTGTTGGggggACacacCCCAGTGCCGAAGGAAACCCAATAAGCACTCCGCCTGGGGAGTACGGTCGCAAGACTGAAACTCAAAGGAATTGACGGgggCCCGCACAAGCAGTGGAGCATGTGGTTTAATTCGAAGCAACGCGAAGAACCTTACCAGGGCTTGACATCCCTCTGACACCCTCAGAGATGAGGGGTCCCTTCGGGGCAGAGGAGACAGGTGGTGCATGGTTGTCGTCAGCTCGTGTCGTGAGATGTTGGGTTCAGTCCCGCAACGAGCGCAACCCTTGACCTGTGTTACCAGCGCGAAAGGGCGGGGACTCACAGGTGACTGCCGGCGTAAGTCGGAGGAAGGCGGGGATGACGTCAAATCATCATGCCCCTGATGTCCTGGGCTACacacGTGCTACAATGGGCGGTACAAAGGGAGGCGAAGCCGCGAGGCGGAGCGAAACCCAAaaaGCCGCTCGTAGTTCGGATTGCAGGCTGCAACTCGCCTGCATGAAGCCGGAATTGCTAGTAATCGCGGATCAGCATGCCGCGGTGAATACGTTCCCGGGCCTTGTACacacCGCCCGTCACACCACGAGAGTCGGCAACACCCGAAGTCGGTGAGGTAACCCCTTATGGGGAGCCAGCCGCCGAAGGTGGGGTCGATGATTGGGGTGAAGTCGTAACAAGGTAGCCGTACCGGAAGGTGCGGCTGGATC,Alicyclobacillus_sendaiensis
TGGAGAGTTTGATCCTGGCTCAGGATGAACGCTGGCGGCATGCCTAATACATGCAAGTCGAACGGGGTGCTTGCACCCAGTGGCGAACGGGTGAGTAACACGTATCTAATCTACCTCTTAGTGGgggATAACAGTTGGAAACGACTGCTAATACCGCATACGACACCATTATGGCATCAGAAGGTGTTAAAAGGTCCGTTTGGACCGCTAGGAGATGAGGATGCGGCGTATTAGCTAGTAGGTGAGGTAATGGCTCACCTAGGCGATGATACGTAGCCGAACTGAGAGGTTGATCGGCCACATTGGGACTGAGATACGGCCCAGACTCCTACGGGAGGCAGCAGTAGGGAATTtttCACAATGGGCGAAAGCCTGATGAAGCAATGCCGCGTGAGTGATGAAGGTCTTCGGATTGTAAAGCTCTGTTGTAAGGGAAGAAATGCTAGAAGAGGAAATGCTTTTAGTTTGACGGTACCTTACCAGAAAGCCACGGCTAACTATGTGCCAGCAGCCGCGGTAATACATAGGTGGCAAGCGTTATCCGGATTTATTGGGCGTATAGGGTGCGTAGGTGGTTAGTTAAGTTTGAGGTTAAATCCCAGGGCTCAACCCTGGTCCGCCTTGAAAACTGGCTAACTAGAATACAGGAGAGGTAGATGGAATTCCATGTGTAGCGGTGGAATGCGTAGATatatGGAGGAACACCAGTGGCGAAGGCGGTCTACTGGCCTGTGATTGACACTGAGGCACGAAAGCGTGGGGAGCAAATAGGATTAGATACCCTAGTAGTCCACGCCGTAAACGTTGAGTACTAAGTGTCGGCAATTTGTCGGTGCTGCAGCTAACGCATTAAGTACTCCGCCTGAGTAGTATGCTCGCAAGAGTGAAACTCAAAGGAATTGACGGGGACCCGCACAAGTGGTGGAGCATGTGGTTTAATTCGAAGCAACGCGAAGAACCTTACCAGGGCTTGACATCCAGTGCAAAACTACAGAGATGTAGTGGAGGCCAACATTGAGACAGGTGGTGCATGGTTGTCGTCAGCTCGTGCCGTGAGGTGTTGGGTTAAGTCCCGCAACGAGCGCAACCCCTATCGTTAGTTACTAACATTAAGTTGAGCACTTTAACGAGACTGCTAGTGTAAGCTAGAGGAAGGTGGGGATGACGTCAAATCATCATGCCCCTTATGTCCTGGGCTACacacGTGCTACAATGGCTGATACAAAGAGTCGCAATCCTGTGAGGgggAGCTAATCTCAAaaaGTCAGTCTCAGTTCGGATTGAAGTCTGCAACTCGACTTCATGAAGCCGGAATCACTAGTAATCGCGAATCAGCAACGTCGCGGTGAATACGTTCTCGGGTCTTGTACacacCGCCCGTCACACCATGAGAGTTGGTAATACCAGAAGCACGTATCTTAACCGTAAGGAgagagCGTACCAAGGTAGGATTAGCGATTAGGGTGAAGTCGTAACAAGGTATCCGTACGGGAACGTGCGGCTGGATCACCTCCTT,Spiroplasma_litorale
GAGTTTGATCCTGGCTCAGGACGAACGCTGGCGGCGTGCTTAACACATGCAAGTCGAACGGTAAGGCCCCTTCGGgggTACACGAGTGGCGAACGGGTGAGTAACACGTGAGCAACCTGCCCTTGACTTCGGAATACCAGCTGGAAACAGCTGCTAATACCGGATATGACCTCGGCCCTCATGGGTTGGGGTGGAAAGCTCCGGCGGTCAAGGATGGGCTCGCGGCCTATCAGCTTGTTGGTGAGGTAATGGCTCACCAAGGCTTCGACGGGTAGCCGGCCTGAGAGGGCGACCGGCCACACTGGGACTGAGATACGGCCCAGACTCCTACGGGAGGCAGCAGTGGGGAATATTGCACAATGGGCGCAAGCCTGATGCAGCAACGCCGCGTGCGGGATGACGGCCTTCGGGTTGTAAACCGCTTTCAGTAGGGACGAAGCTAACGTGACGGTACCTACAGAAGAAGGACCGGCTAACTACGTGCCAGCAGCCGCGGTGATACGTAGGGTCCGAGCGTTGTCCGGAATTATTGGGCGTAAAGGGCTTGTAGGCGGTCCGTCGCGTCAGGAGTGAAAACTCGGGGCTTAACCCCGAGCCTGCTTTTGATACGGGCGGACTAGAGGGATGCAGGGGAGAACGGAATTCCTGGTGGAGCGGTGGAATGCGCAGATATCAGGAGGAACACCGGTGGCGAAGGCGGTTCTCTGGGCATCACCTGACGCTGAGAAGCGAAAGCGTGGGGAGCAAACAGGCTTAGATACCCTGGTAGTCCACGCCGTAAACGGTGGGCACTAGGTGTGGgggACATTCCACGTTCTCCGTGCCGAAGCTAACGCATTAAGTGCCCCGCCTGGGGAGTACGGCCGCAAGGCTAAAACTCAAAGGAATTGACGGgggCCCGCACAAGCGGCGGAGCATGCGGATTAATTCGATGCAACGCGAAGAACCTTACCTGGGTTTGACATACACCGGAAAGCTGCAGAGATGTAGCCcccGCAAGGTCGGTGTACAGGTGGTGCATGGCTGTCGTCAGCTCGTGTCGTGAGATGTTGGGTTAAGTCCCGCAACGAGCGCAACCTTCGTTCTATGTTGCCAGCACGTTATGGTGGGGACTCATAGGAGACTGCCGGGGTCAACTCGGAGGAAGGTGGGGATGACGTCAAGTCATCATGCCCCTTAAGTCCAGGGCTTCACGCATGCTACAATGGCCGGTACAAAGGGCTGCGATACCGCAAGGTGGAGCGAATCCCAAaaaGCCGGTCTCAGTTCGGATTGGGGTCTGCAACTCGACCCCATGAAGTCGGAGTCGCTAGTAATCGCAGATCAGCAACGCTGCGGTGAATACGTTCCCGGGCGTTGTACacacCGCCCGTCAAGTCATGAAAGTCGGTAACACCCGAAGCCGGTGGCCCAACCCTTGTGGAGGGAGCCGTCTAAGGTGGGACTGGCGATTAAGACTAAGTCGTAACAAGGTA,Friedmanniella_spumicola
TGGCTCAGGGTGAACGCTGGCGGCGTGCTTGACACATGCAAGTCGAACGGTATGTGGCAACACATAGAGTGGCGAACGGGTGAGTAACACGTGGGAACGTATCTTTTGCAGGgggATAACTGACCGAAAGGACAGCTAATACCGCATAAGTCCGGGAGGAGAAAGGTGCAACAGCATCGGCAGAAGAGCGGCCCGCGGTCCATCAGCTAGTTGGTGAGGTAAGGGCTTACCAAGGCGACGACGGATAGCCGGCGTGAGAGCGTGGCCGGCCACAAGGACACTGAGATACGGGTCCTACTCCTACGGGAGGCAGCAGTGCGGAATTTTAGATAATGGAGGGAACTCTGATCTAGCGACGCCGCGTGCAGGAAGAAGGTCTTCGGATTGTAAACTGCTGTGGTAAGGGAAaaaTGCTATGTAGAGTGGAAAGCTACATAGAGGGATGGTACCTTACTAGAAAGCCCCGGCTAACTACGTGCCAGCAGCCGCGGTAATACGTAGGgggCGAGCGTTACCCGGAATCACTGGGCGTAAAGGGAGCGTAGGTGGCCTAACATGTCAACTGTGAAAACCCGGAGCTCAACTCCGGACTTGCAGTTGAAACTGGTAGGCTTGAGGACGGTAGAGGAAGACGGAACTGCCAGTGTAGGGGTAAAATCCTTAGATATTGGCAGGAACGCCGGTGACGAAGGTGGTTTTCTGGGCCGGTTCTGACACTGATGCTCGAAAGCCAGGGGAGCGAACGGGATTAGATACCCCGGTAGTCCTGGCCCTAAACGATGTTCACTAGGTGTGGGGAGCGGAAAGCTCTCCGTGCTAAAGCTAACGCGATAAGTGAACCGCCTGGGGAGTACGCCCGCAAGGGTGAAACTCAAAGGAATTGACGGGGACCCGCACAAGCGGTGGAGCGTGTGGTTTAATTCGATGCTAAGCGAAGGACCTTACCAAGGTTTGACATGCTAATGGTAGTGAATTGAAAGAGGAACGACCACACTATGtgtgGAGTTAGCACAGGTGGTGCACGGCCGTCGTCAGCTCGTGTCGTGAGGTGTTGGGTTAAGTCCCGCAACGAGCGCAACCCCTGCTCTTAGTTACCAGCGGTAAGGCCGGGTACTCTAAGAGGACCGCCGCCGACGAGGCGGAGGAAGGgggggATGAAGTCAGGTATCGTGCCCCTTATATCTTGGGCGACacacGCGCTACAATGGGTTGGACAGAAGGGACCAAGACAGCGATGTGGAGGAAATCCTCAAACCAACCcccAGTTCAGATTGCAGGCTGAAACCCGCCTGCATGAAGCCGGAATCGCTAGTAATCGCAGATCAGCCAAGCTGCGGTGAATACGTTCCCGGGTCTTGTACacacCGCCCGTCAAGCCACCCGAGTTGGTAACACCTGAAGATGAGTATCCTAACCGAAAGGAGGGAGCTTGTTTAGGGTGGGATTGGCAAGGggggCTAAGTCGTAACAAGGTAGCC,Mesotoga_sp.
CTCAGGACGAACGCTGGCGGCGTGCTTAACACATGCAAGTCGAGCGGTAAGGCCTTTTCGGGGTACACGAGCGGCGAACGGGTGAGTAACACGTGGGTGATCTGCCCTGCACTTCGGGATAAGCCTGGGAAACTGGGTCTAATACCGGATATGACCTCCTATCGCATGGTGGGTGGTGGAAAGATTTATCGGTGCAGGATGGGCCCGCGGCCTATCAGCTTGTTGGTGGGGTAATGGCCTACCAAGGCGACGACGGGTAGCCGACCTGAGAGGGTGACCGGCCACACTGGGACTGAGACACGGCCCAGACTCCTACGGGAGGCAGCAGTGGGGAATATTGCACAATGGGCGAAAGCCTGATGCAGCGACGCCGCGTGAGGGACGACGGCCTTCGGGTTGTAAACCTCTTTCAGCAGGGACGAAGCGCAAGTGACGGTACCTGCAGAAGAAGCACCGGCTAACTACGTGCCAGCAGCCGCGGTAATACGTAGGGTGCAAGCGTTGTCCGGAATTACTGGGCGTAAAGAGTTCGTAGGCGGTTTGTCACGTCTTTTGTGAAAACTCACAGCTCAACTGTGAGCCTGCAGGCGATACGGGCAGACTTGAGTACTGCAGGGGAGACTGGAATTCCTGGTGTAGCGGTGAAATGCGCAGATATCAGGAGGAACACCGGTGGCGAAGGCGGGTCTCTGGGCAGTAACTGACGCTGAGGAACGAAAGCGTGGGTAGCGAACAGGATTAGATACCCTGGTAGTCCACGCCGTAAACGGTGGGCGCTAGGTGTGGGTTTCCTTCCACGGAATCCGTGCCGTAGCTAACGCATTAAGCGCCCCGCCTGGGGAGTACGGCCGCAAGGCTAAAACTCAAAGGAATTGACGGgggCCCGCACAAGCGGCGGAGCATGTGGATTAATTCGATGCAACGCGAAGAACCTTACCTGGGTTTGACATATACCGGAAAGCCGTAGAGATACGGCCccccTTGTGGTCGGTATACAGGTGGTGCATGGCTGTCGTCAGCTCGTGTCGTGAGATGTTGGGTTAAGTCCCGCAACGAGCGCAACCCCTATCTTATGTTGCCAGCACGTTATGGTGGGGACTCGTAAGAGACTGCCGGGGTCAACTCGGAGGAAGGTGGGGACGACGTCAAGTCATCATGCCCCTTATGTCCAGGGCTTCAcacaTGCTACAATGGCCAGTACAGAGGGCTGCGAGACCGTGAGGTGGAGCGAATCCCTTAAAGCTGGTCTCAGTTCGGATCGGGGTCTGCAACTCGACCCCGTGAAGTCGGAGTCGCTAGTAATCGCAGATCAGCAACGCTGCGGTGAATACGTTCCCGGGCCTTGTACacacCGCCCGTCACGTCATGAAAGTCGGTAACACCCGAAGCCGGTGGCTTAACCCCTTGTGGGAGGGAGCCGTCGAAGGTGGGATCGGCGATTGGGACGAAGTCGTAACAAGGTAGCCGTACCGG,Rhodococcus_globerulus
